,Query,Value
0,zenith bank code,100
1,zenith internet banking,30
2,zenith bank ussd,30
3,zenith bank internet banking,30
4,zenith bank internet,30
5,zenith ussd code,24
6,code for zenith bank,24
7,zenith bank ussd code,23
8,zenith bank transfer code,23
9,zenith bank app,21
10,zenith bank nigeria,16
11,zenith bank loan,13
12,zenith bank login,12
13,zenith bank token,12
14,zenith bank online,11
15,ussd for zenith bank,11
16,access bank,10
17,ussd code for zenith bank,9
18,uba bank,8
19,first bank,7
20,what is zenith bank code,7
21,zenith bank corporate internet banking,6
22,zenith bank corporate banking,6
23,zenith bank internet banking login,4
24,zenith bank shares,3
